{"cameraMode":{"drawMode":0,"name":"Shaded","section":"Shading Mode"},"sceneLighting":false,"audioPlay":false,"sceneViewState":{"showFog":true,"showMaterialUpdate":false,"showSkybox":true,"showFlares":true,"showImageEffects":true,"showParticleSystems":true},"in2DMode":false,"pivot":{"x":1107.9425048828125,"y":615.2250366210938,"z":354.5010681152344},"rotation":{"x":-0.05274984985589981,"y":0.03653811290860176,"z":-0.001931366161443293,"w":-0.9979372620582581},"size":22.0,"orthographic":false}