{"cameraMode":{"drawMode":0,"name":"Shaded","section":"Shading Mode"},"sceneLighting":false,"audioPlay":false,"sceneViewState":{"showFog":true,"showMaterialUpdate":false,"showSkybox":true,"showFlares":true,"showImageEffects":true,"showParticleSystems":true},"in2DMode":false,"pivot":{"x":842.6658935546875,"y":837.9119873046875,"z":851.8402709960938},"rotation":{"x":-0.05274984985589981,"y":0.03653811290860176,"z":-0.001931366161443293,"w":-0.9979372620582581},"size":22.0,"orthographic":false}