{"cameraMode":{"drawMode":0,"name":"Shaded","section":"Shading Mode"},"sceneLighting":true,"audioPlay":false,"sceneViewState":{"showFog":true,"showMaterialUpdate":false,"showSkybox":true,"showFlares":true,"showImageEffects":true,"showParticleSystems":true},"in2DMode":false,"pivot":{"x":8.604619026184082,"y":39.374366760253909,"z":15.51200008392334},"rotation":{"x":0.07605236023664475,"y":0.04096635431051254,"z":0.0031272838823497297,"w":-0.9962570667266846},"size":25.76112937927246,"orthographic":false}