{"cameraMode":{"drawMode":0,"name":"Shaded","section":"Shading Mode"},"sceneLighting":false,"audioPlay":false,"sceneViewState":{"showFog":true,"showMaterialUpdate":false,"showSkybox":true,"showFlares":true,"showImageEffects":true,"showParticleSystems":true},"in2DMode":false,"pivot":{"x":8.62689208984375,"y":27.58050537109375,"z":7.3336334228515629},"rotation":{"x":-0.0006003953167237341,"y":0.9993759393692017,"z":0.028180310502648355,"w":0.021290751174092294},"size":51.68803024291992,"orthographic":false}