{"cameraMode":{"drawMode":0,"name":"Shaded","section":"Shading Mode"},"sceneLighting":true,"audioPlay":false,"sceneViewState":{"showFog":true,"showMaterialUpdate":false,"showSkybox":true,"showFlares":true,"showImageEffects":true,"showParticleSystems":true},"in2DMode":false,"pivot":{"x":1125.726318359375,"y":550.3427734375,"z":-430.4364013671875},"rotation":{"x":-0.06323957443237305,"y":-0.03083628974854946,"z":0.001954839564859867,"w":-0.9975199699401856},"size":30.56842613220215,"orthographic":false}